DateID,ProductID,StoreID,CustomerID,QuantityOrderded,OrderAmount,DiscountAmount,Shipping Cost,TotalAmount
20240728,497,65,26,13,942,63.79549102631933,139.72614182795218,738.4783671457285
20240728,96,65,583,7,221,8.508865101140685,31.514712446731412,180.9764224521279
20240728,909,65,140,2,352,42.755387273731735,41.923311476646234,267.321301249622
20240728,468,65,324,16,746,53.929864442305266,61.484398161311006,630.5857373963837
20240728,994,65,201,17,463,24.64810999660087,25.249049732060303,413.10284027133883
20240728,757,65,760,16,319,14.380671938200564,32.51391362740031,272.1054144343991
20240728,134,65,418,10,293,22.243944817981046,26.297572482162778,244.45848269985618
20240728,960,65,949,18,243,30.695053538577504,12.664958247754129,199.63998821366837
20240728,539,65,40,12,573,67.25196676227249,58.762327338147216,446.9857058995803
20240728,64,65,823,10,837,89.99632282323795,70.66990340181877,676.3337737749432
20240728,495,65,967,4,456,14.617805087744646,33.84593420775538,407.53626070449997
20240728,162,65,422,20,630,80.10402438752891,63.95595658681517,485.94001902565594
20240728,673,65,408,9,884,47.410991864187636,71.33110241664585,765.2579057191665
20240728,702,65,764,15,279,10.045133921322131,22.446956825821797,246.50790925285608
20240728,187,65,168,18,327,13.185442320786311,25.350965105444914,288.4635925737688
20240728,879,65,314,15,320,47.28178083684672,18.42531403897547,254.29290512417782
20240728,523,65,166,10,220,24.19041072928477,31.28650472167611,164.5230845490391
20240728,371,65,727,1,532,69.86907757040692,75.82368812207243,386.3072343075207
20240728,590,65,615,10,255,19.124328285771604,32.985006295197216,202.89066541903117
20240728,196,65,108,8,122,4.072272901274105,12.745667219236326,105.18205987948957
20240728,452,65,32,4,121,8.639182227481612,7.99228144405729,104.36853632846109
20240728,847,65,630,1,395,14.421189747279415,20.655550754183405,359.92325949853716
20240728,317,65,190,7,375,36.984279962438684,36.484316888962574,301.53140314859877
20240728,987,65,965,12,433,21.643239260772,56.97248163053404,354.38427910869393
20240728,38,65,171,2,309,16.792636076491814,28.641784871034144,263.56557905247405
20240728,394,65,586,20,262,30.120495194856474,23.256484816249127,208.62301998889438
20240728,305,65,753,17,814,114.10219210268633,87.35748655881784,612.5403213384958
20240728,685,65,290,7,501,41.52302638532621,40.65432411097709,418.8226495036967
20240728,869,65,284,16,288,30.608352072044234,31.880301992825455,225.5113459351303
20240728,896,65,367,13,952,61.52044884374488,95.16419971513618,795.315351441119
20240728,800,65,468,11,250,28.589748147767246,12.985517409355014,208.42473444287774
20240728,732,65,11,17,440,55.293539846798346,57.51981629973807,327.1866438534636
20240728,526,65,267,15,597,87.90200692722391,66.63041351917313,442.46757955360295
20240728,168,65,403,19,923,61.37736034135577,135.47148481579595,726.1511548428483
20240728,639,65,614,11,923,130.39657176082355,115.58882893392766,677.0145993052488
20240728,624,65,490,7,811,59.41996408273105,96.50218620837612,655.0778497088928
20240728,400,65,688,18,908,93.69933539724127,76.14420823314433,738.1564563696144
20240728,643,65,117,8,725,36.87753255182006,56.27531672353899,631.847150724641
20240728,442,65,181,9,816,47.18256980258137,120.93577219249337,647.8816580049253
20240728,679,65,741,13,405,19.005067074443517,51.755719537008105,334.23921338854836
20240728,524,65,351,16,808,20.83170072939513,112.88192560719642,674.2863736634084
20240728,411,65,277,18,191,22.193545890863334,21.75205249880603,147.05440161033064
20240728,895,65,672,10,111,6.785065305086857,11.567439209543256,92.64749548536989
20240728,975,65,290,18,929,75.63347767041542,123.60649669673865,729.760025632846
20240728,373,65,343,12,799,48.48820707825003,72.33325612035891,678.178536801391
20240728,454,65,463,6,552,47.881152409852604,39.33184092711569,464.7870066630317
20240728,6,65,138,3,243,11.932566898942062,27.13863310859929,203.92879999245866
20240728,550,65,959,9,545,43.506617951334334,74.01214469923465,427.481237349431
20240728,155,65,914,13,929,120.91925627739397,88.74182735182374,719.3389163707823
20240728,256,65,591,19,350,25.938293541041137,44.878021990395574,279.1836844685633
20240728,480,65,388,2,420,42.53592117969767,40.11691383386451,337.34716498643786
20240728,398,65,137,19,783,65.80930929417516,80.58915148275645,636.6015392230684
20240728,695,65,766,20,689,59.067823470918256,91.3642934721279,538.5678830569539
20240728,978,65,290,7,624,71.8774173027281,52.46448923518021,499.6580934620917
20240728,374,65,525,6,630,49.48633732359872,60.07996924899785,520.4336934274035
20240728,302,65,451,10,299,15.380704140000827,37.26186208457183,246.35743377542735
20240728,408,65,269,2,479,23.11271374772693,62.21179176146405,393.675494490809
20240728,515,65,760,20,790,80.25063551049165,96.5456844300953,613.203680059413
20240728,910,65,761,12,811,89.4611839384873,43.50789471093425,678.0309213505784
20240728,823,65,373,15,396,37.395528380315945,41.39458397241411,317.20988764726997
20240728,647,65,860,9,169,22.54150443823418,20.466325917014558,125.99216964475126
20240728,113,65,215,16,844,107.87257208625813,123.99760434440162,612.1298235693403
20240728,745,65,161,14,580,59.65441304952233,79.80564244823832,440.53994450223934
20240728,421,65,111,1,441,19.720253731989125,41.07563273761987,380.204113530391
20240728,21,65,88,20,983,19.805661653890706,140.99966216132037,822.1946761847889
20240728,683,65,489,10,592,44.18203080060351,82.35399349888039,465.46397570051613
20240728,687,65,781,18,113,12.10424415382277,9.6809909965219,91.21476484965532
20240728,235,65,713,19,196,12.693431248381785,26.68966742371012,156.6169013279081
20240728,164,65,304,9,490,42.87209803734812,34.5117839449082,412.6161180177437
20240728,148,65,254,16,516,11.157698330329543,48.75730296937813,456.0849987002923
20240728,407,65,687,4,460,33.01632970588993,47.13973097102275,379.8439393230873
20240728,481,65,444,13,487,31.404168735501415,40.28241201019868,415.3134192542999
20240728,87,65,206,16,370,14.485814281026009,19.89817270609392,335.6160130128801
20240728,209,65,714,19,398,26.601443419835327,49.573481610183656,321.825074969981
20240728,830,65,740,8,874,94.16492756854645,76.8325015643988,703.0025708670548
20240728,294,65,340,11,273,33.61501465831493,21.989439762235335,217.39554557944973
20240728,92,65,714,19,839,19.32384350414804,60.8006933220483,758.8754631738036
20240728,721,65,878,8,152,7.050300696962874,18.805395813079553,126.14430348995757
20240728,284,65,211,6,567,37.79148534259343,64.58174871808522,464.62676593932133
20240728,608,65,406,14,688,50.73711407433139,45.653637884098366,591.6092480415703
20240728,35,65,410,15,342,9.468716963074577,29.20067264261597,303.3306103943095
20240728,261,65,3,13,809,109.54100775625025,47.04859894906652,652.4103932946832
20240728,323,65,243,18,296,14.554071993085048,44.04182275663274,237.4041052502822
20240728,464,65,627,10,865,71.40794057763858,129.06107860339853,664.5309808189629
20240728,60,65,715,17,396,44.22926068245044,53.731959061009874,298.03878025653967
20240728,770,65,906,4,294,30.486113290727257,41.463173377422784,222.05071333184998
20240728,598,65,143,16,596,65.45890826235664,57.684177356199896,472.85691438144346
20240728,885,65,397,10,255,37.18051820839845,23.565795437915202,194.25368635368636
20240728,99,65,328,4,665,51.13874843411032,91.78179590723947,522.0794556586502
20240728,937,65,163,10,139,16.90044304998731,11.220403484016625,110.87915346599607
20240728,982,65,83,18,351,20.401771102534283,28.562298425404865,302.03593047206084
20240728,701,65,955,16,305,43.70407705187768,37.93788260697236,223.35804034114994
20240728,306,65,677,1,460,47.23535225130811,48.9898711673374,363.7747765813545
20240728,855,65,168,19,467,41.824819011712684,27.976270108780408,397.1989108795069
20240728,64,65,613,1,608,49.30460549571905,48.98563027357227,509.7097642307087
20240728,138,65,241,11,133,11.23967834435347,16.450217582342646,105.31010407330388
20240728,812,65,143,9,700,95.02723687182869,91.10193961156833,513.870823516603
20240728,816,65,265,19,903,108.76024599533373,56.34013068998444,737.8996233146818
20240728,571,65,248,15,959,63.173614847417646,87.54741759835804,808.2789675542243
20240728,875,65,164,18,997,98.68807783916736,90.05576695703252,808.2561552038001
20240728,109,65,437,5,796,20.08224681899818,108.73012307431938,667.1876301066825
20240728,643,65,49,2,482,14.031730588941285,53.27225342607968,414.69601598497906
20240728,259,65,124,13,341,45.3837474865629,31.544818149494308,264.0714343639428
20240728,808,65,424,15,277,10.7127905234435,14.432568334415675,251.85464114214082
20240728,230,65,986,7,997,60.29076710818268,141.14152420418597,795.5677086876314
20240728,552,65,249,19,595,37.48412782378646,69.25845087221892,488.25742130399465
20240728,107,65,766,19,497,36.93478644395595,39.26465289234078,420.80056066370327
20240728,19,65,741,20,330,36.52126728992894,22.057115159678144,271.4216175503929
20240728,487,65,1000,12,951,117.69351608051933,136.86300444274224,696.4434794767385
20240728,184,65,499,6,980,23.712686909864033,132.90042271304767,823.3868903770883
20240728,694,65,763,7,860,58.776305617333975,95.46596273405824,705.7577316486078
20240728,230,65,355,12,989,115.28603505255639,54.90456511621847,818.8093998312252
20240728,839,65,627,19,564,74.16034347951658,76.14984851773232,413.6898080027511
20240728,413,65,670,13,484,47.12483601516502,61.68270982730084,375.19245415753414
20240728,490,65,521,6,404,47.15669205749135,50.482896937886196,306.36041100462245
20240728,240,65,720,1,413,56.784319983035125,42.23707393332504,313.9786060836398
20240728,598,65,834,6,494,36.972325159422354,27.498697301476266,429.5289775391014
20240728,79,65,793,9,862,22.60238615651898,127.35003256844595,712.0475812750351
20240728,821,65,716,20,661,72.16121402883864,57.00640705148676,531.8323789196746
20240728,221,65,81,16,186,21.78827848098998,15.15582692981782,149.0558945891922
20240728,871,65,527,5,264,8.464954477089817,25.629851692192506,229.90519383071768
20240728,697,65,372,11,275,34.776609714284106,28.770230704147387,211.4531595815685
20240728,351,65,268,12,605,44.806884290410956,72.09807188137047,488.09504382821854
20240728,892,65,248,10,228,12.578650736409891,30.828624575505515,184.5927246880846
20240728,735,65,442,1,513,68.42177156237672,75.80015380582843,368.7780746317949
20240728,124,65,101,9,921,97.2031999695494,87.16435355504012,736.6324464754105
20240728,70,65,471,9,484,45.749009837667,43.41898315792321,394.8320070044098
20240728,535,65,979,11,275,34.97044124887617,16.52857748026559,223.50098127085823
20240728,152,65,564,14,663,18.03769619792556,72.41365822250879,572.5486455795657
20240728,841,65,724,18,181,23.476447917461897,13.841094144174097,143.682457938364
20240728,788,65,171,17,350,11.412163970825572,18.548139892143475,320.03969613703094
20240728,725,65,839,7,897,88.59038071059986,129.3920948392707,679.0175244501295
20240728,313,65,857,4,592,78.83113736349209,80.12944105850734,433.03942157800054
20240728,332,65,98,4,957,75.4339588273659,106.24605663045976,775.3199845421743
20240728,24,65,779,6,656,53.560689887234396,57.48003369631099,544.9592764164546
20240728,327,65,317,14,635,32.63996135594356,33.49916027666041,568.860878367396
20240728,805,65,679,13,698,59.00418918018288,79.83745362915583,559.1583571906613
20240728,111,65,775,1,170,19.685457541587308,16.466758029547982,133.8477844288647
20240728,709,65,767,16,569,46.59489436448726,36.414902433270875,485.9902032022419
20240728,534,65,872,7,702,70.56360531460102,39.725457644673256,591.7109370407258
20240728,760,65,25,16,987,147.0873468411757,140.5298281221682,699.3828250366561
20240728,79,65,262,3,859,77.0003435474694,123.69521114507032,658.3044453074604
20240728,954,65,488,8,740,32.710143030899026,81.84266192840934,625.4471950406917
20240728,452,65,912,6,213,28.05758969908412,14.513102625765777,170.4293076751501
20240728,198,65,798,16,631,49.32060036304417,68.01516691660048,513.6642327203554
20240728,892,65,95,16,242,10.771534789498258,30.554289685618876,200.67417552488286
20240728,363,65,585,16,687,82.36664766884704,102.10502139738549,502.5283309337675
20240728,596,65,877,20,450,30.769747773659127,44.6144789708157,374.61577325552514
20240728,414,65,972,8,356,20.010514294046125,39.82237272638848,296.1671129795654
20240728,115,65,391,16,257,18.35774534126008,28.66558177381028,209.97667288492966
20240728,704,65,2,12,347,42.3391948433031,22.97208588807862,281.6887192686183
20240728,989,65,90,5,397,34.36889685433855,49.001840545467644,313.6292626001938
20240728,669,65,115,20,141,21.058585931184812,7.299365344137721,112.64204872467747
20240728,598,65,827,6,571,60.66810027303463,63.913683186484995,446.4182165404804
20240728,767,65,998,15,167,20.74033725627426,17.66274693386796,128.59691580985776
20240728,542,65,966,9,517,21.088098921137718,57.834123264321164,438.07777781454115
20240728,431,65,559,16,264,32.67976462790279,35.26926148405625,196.05097388804097
20240728,814,65,537,15,839,108.26154891822155,121.94684750643961,608.7916035753389
20240728,304,65,596,19,761,111.02032656264846,85.01780027501282,564.9618731623387
20240728,742,65,888,20,565,83.64016482946109,83.19252418440801,398.16731098613093
20240728,906,65,187,19,568,57.955690005479816,37.001712943785975,473.04259705073423
20240728,991,65,353,17,419,41.98791690727048,62.02631754400042,314.9857655487291
20240728,383,65,98,17,584,52.32202634525805,80.40764729422385,451.2703263605181
20240728,409,65,313,7,456,20.167839446511795,25.71444657540562,410.1177139780826
20240728,721,65,212,9,287,34.43145165856928,22.096903493805197,230.47164484762553
20240728,963,65,807,20,507,26.378083397027524,47.622761692846304,432.9991549101262
20240728,833,65,193,8,784,87.22030004975183,54.81084637602641,641.9688535742217
20240728,757,65,940,12,996,44.45330101901765,87.80252725667833,863.744171724304
20240728,771,65,191,14,339,34.7165013000211,19.28827522238427,284.9952234775946
20240728,345,65,480,10,612,33.18234241147003,42.83369112186292,535.9839664666671
20240728,676,65,741,14,339,31.42530023374564,33.55886144680975,274.0158383194446
20240728,524,65,179,14,266,12.616216876550766,20.762398346988128,232.6213847764611
20240728,830,65,747,8,587,80.57165147489847,81.45238532109154,424.97596320401
20240728,260,65,534,6,519,12.236425688533389,37.97826226651944,468.7853120449472
20240728,139,65,951,9,408,41.32002346848693,27.117407968970404,339.56256856254265
20240728,886,65,37,5,763,107.18641796607115,66.1803256343531,589.6332563995758
20240728,830,65,496,1,676,100.05789680321598,78.29639773699462,497.6457054597894
20240728,575,65,296,4,791,59.85243018852181,92.92980016364784,638.2177696478303
20240728,628,65,492,2,752,70.51443244871584,66.09912049216105,615.3864470591232
20240728,243,65,881,13,771,23.544288142898324,105.01626390641226,642.4394479506894
20240728,48,65,756,12,490,53.420341201562806,66.91636528638996,369.66329351204723
20240728,647,65,901,11,808,39.3538448513172,81.11162860881952,687.5345265398632
20240728,23,65,146,14,124,13.658438057551114,11.963388014905517,98.37817392754337
20240728,314,65,761,11,453,13.286648676072952,30.3980657527028,409.31528557122425
20240728,803,65,656,16,780,74.3772834062708,68.63274480957408,636.9899717841552
20240728,196,65,322,10,675,66.57764243017253,57.04297259433599,551.3793849754915
20240728,761,65,202,4,616,18.982844429613476,77.61049501399216,519.4066605563944
20240728,337,65,826,10,669,20.271479024666995,75.72637299841186,573.0021479769212
20240728,176,65,545,14,424,30.905523405472056,54.76343796358187,338.33103863094607
20240728,237,65,499,17,728,104.80910674119475,85.90879204675414,537.2821012120511
20240728,941,65,655,7,564,70.25935103720855,36.87483623413348,456.86581272865794
20240728,427,65,159,10,601,62.44054332443417,64.94514196100006,473.6143147145658
20240728,672,65,99,6,483,42.89063824682882,25.32601563566076,414.7833461175104
20240728,170,65,94,3,674,21.968385722606595,55.89282331443869,596.1387909629548
20240728,803,65,546,14,623,27.644456445937685,90.00224552928931,505.35329802477304
20240728,668,65,613,6,460,9.398391368418109,55.444434482683526,395.1571741488984
20240728,31,65,290,17,256,31.737384927207824,14.729274749464508,209.53334032332765
20240728,131,65,222,4,451,50.99663411860891,34.41378671336062,365.58957916803047
20240728,589,65,853,20,626,16.259208826758652,89.40484106122385,520.3359501120175
20240728,375,65,577,6,586,66.30597691315926,54.31558988912731,465.37843319771343
20240728,996,65,302,10,352,18.985053407717054,43.13702485957552,289.8779217327074
20240728,794,65,405,17,860,33.530395196105474,121.76520461963175,704.7044001842628
20240728,640,65,332,11,758,69.90007007753918,47.28332354987896,640.8166063725819
20240728,170,65,226,7,929,77.75609624230297,59.297607468924944,791.9462962887721
20240728,842,65,619,14,770,19.496993780279375,92.94896037772605,657.5540458419946
20240728,700,65,884,9,608,25.175123878334745,32.59156641707388,550.2333097045914
20240728,489,65,403,14,899,87.57404971034165,102.10511046310502,709.3208398265533
20240728,379,65,6,14,380,32.36258809726899,32.957107572113514,314.6803043306175
20240728,446,65,184,15,800,45.360622636722766,107.9141946792963,646.725182683981
20240728,638,65,694,9,927,94.11592877285472,119.88440656179672,712.9996646653485
20240728,493,65,993,2,406,10.972567608175341,25.272469844549846,369.75496254727483
20240728,535,65,293,3,679,90.63537929144431,72.82942476835072,515.535195940205
20240728,805,65,595,13,177,13.205175061350914,13.357979394024722,150.43684554462436
20240728,49,65,554,16,288,30.450462986459225,17.42451731338822,240.12501970015256
20240728,437,65,653,18,124,18.178770002032635,11.069876843980442,94.75135315398693
20240728,138,65,130,11,239,28.531686853288708,27.50855733538456,182.95975581132672
20240728,205,65,777,7,944,89.36035457284208,96.0094496909406,758.6301957362173
20240728,489,65,858,12,307,43.910693921252516,29.793067930286327,233.29623814846116
20240728,498,65,831,12,853,123.32147915323465,126.86970082773702,602.8088200190283
20240728,392,65,885,6,640,66.98463030862386,61.64916740244298,511.36620228893315
20240728,167,65,711,5,458,19.67792936660497,36.637120832548256,401.68494980084677
20240728,824,65,584,12,668,98.63011087456911,72.12198878660237,497.2479003388285
20240728,816,65,278,15,352,38.10936492148506,45.251850872193735,268.6387842063212
20240728,854,65,557,18,318,29.942481634866336,16.132513466766646,271.92500489836704
20240728,812,65,954,20,427,40.908263792039335,23.79786564907551,362.29387055888515
20240728,538,65,875,2,330,17.378548011827153,23.75738177801818,288.86407021015464
20240728,571,65,84,6,847,79.19169526043397,50.68689041176319,717.1214143278028
20240728,480,65,72,12,772,19.77043278845793,92.6768969374152,659.5526702741269
20240728,920,65,526,4,723,58.63136354792564,36.20203241812026,628.1666040339541
20240728,472,65,731,13,127,5.078956082999333,14.953859505607058,106.96718441139362
20240728,364,65,128,13,250,32.060133084077854,19.193888636594647,198.74597827932752
20240728,649,65,307,9,972,70.4453749675239,121.50884414570795,780.0457808867682
20240728,367,65,604,7,183,8.162882307486854,22.62974217723398,152.20737551527918
20240728,376,65,634,5,808,53.37799029360639,78.9565103826894,675.6654993237042
20240728,388,65,947,7,241,32.069762645068955,18.24681376187691,190.68342359305413
20240728,989,65,547,11,889,57.99186230643529,62.46496558620047,768.5431721073643
20240728,800,65,770,17,522,14.938923117247155,66.36912704743729,440.69194983531554
20240728,586,65,410,5,348,38.96559159149273,35.70911695157576,273.3252914569315
20240728,202,65,295,13,672,62.84829487871345,63.905264190047475,545.246440931239
20240728,802,65,985,4,615,44.745820735364155,73.5583948488346,496.69578441580126
20240728,727,65,72,5,255,6.8683162480722535,28.805635484349388,219.32604826757836
20240728,652,65,673,5,927,69.44440073363445,89.08403074211941,768.4715685242461
20240728,225,65,918,2,402,28.168450457320766,54.2350414267201,319.5965081159591
20240728,818,65,626,7,405,21.950370550918375,57.70362808493759,325.34600136414406
20240728,338,65,386,16,848,60.496902195496226,48.270806590095255,739.2322912144085
20240728,545,65,649,8,104,6.524998135181962,5.839449921866951,91.63555194295108
20240728,558,65,895,9,979,34.58410548217301,88.12769431446468,856.2882002033623
20240728,460,65,233,11,648,24.44907277029376,86.71891876760992,536.8320084620964
20240728,321,65,212,14,787,113.19589100309838,101.40666058593153,572.3974484109701
20240728,406,65,144,4,843,54.85866758583628,82.56838878080653,705.5729436333572
20240728,989,65,158,9,856,63.4213512633532,103.82246144377118,688.7561872928757
20240728,44,65,60,8,688,98.52843044156933,101.86878390407826,487.60278565435243
20240728,676,65,249,13,696,39.2881026879452,76.98344524716968,579.7284520648851
20240728,388,65,90,16,368,14.887330283511416,29.6960612444709,323.4166084720177
20240728,55,65,473,12,140,15.589222563729649,9.691992273837574,114.71878516243278
20240728,448,65,669,16,363,26.75274563664779,46.870617361825,289.37663700152723
20240728,432,65,792,11,967,123.44219975061367,68.4753171822327,775.0824830671536
20240728,979,65,423,15,843,92.93604839140013,95.55085035262337,654.5131012559765
20240728,255,65,901,16,811,111.18071880604829,68.71620740457439,631.1030737893773
20240728,476,65,465,7,274,26.32177972004888,40.90669807963489,206.7715222003162
20240728,420,65,230,19,254,26.04935561234324,26.52003223190156,201.4306121557552
20240728,132,65,496,19,657,45.92130118846216,40.50862205529461,570.5700767562432
20240728,25,65,5,8,203,5.911579478157705,12.98578459050087,184.1026359313414
20240728,653,65,961,16,509,68.65749803870962,42.90026695575492,397.44223500553545
20240728,469,65,47,9,613,77.2498738407438,51.6475487158318,484.10257744342437
20240728,131,65,988,3,947,54.27707274655603,140.283774413906,752.439152839538
20240728,82,65,777,7,689,22.35486810335992,49.70381323324372,616.9413186633964
20240728,490,65,971,18,839,80.01394392439926,71.83185333033173,687.154202745269
20240728,23,65,838,3,787,41.46796155135122,104.65035281777129,640.8816856308774
20240728,74,65,145,5,163,24.290271160796614,10.511180239557076,128.1985485996463
20240728,445,65,77,12,668,74.56223441148713,64.8223221575098,528.6154434310031
20240728,33,65,159,18,503,27.566885260623625,48.02018251223695,427.41293222713944
20240728,391,65,676,9,978,117.68902761889969,72.18370116608084,788.1272712150195
20240728,619,65,651,18,715,88.69074686385542,77.21061477208649,549.0986383640582
20240728,487,65,930,5,724,103.03555882853624,79.38625438906554,541.5781867823982
20240728,273,65,755,2,233,28.306028713311527,12.827989168580594,191.86598211810787
20240728,116,65,762,12,384,23.417423267823658,27.701613339086254,332.8809633930901
20240728,60,65,744,16,148,21.288997410272252,7.682319089819199,119.02868349990855
20240728,845,65,455,12,806,89.61914756780743,113.74075043100503,602.6401020011875
20240728,34,65,471,3,673,73.82027942472384,37.36956929215992,561.8101512831163
20240728,592,65,73,9,857,87.53194717619326,83.28800608847547,686.1800467353313
20240728,266,65,847,11,372,29.917585133282284,44.09372539679784,297.9886894699199
20240728,987,65,707,11,613,69.87863127346999,65.65514216499622,477.4662265615338
20240728,357,65,772,9,640,93.28387626313848,80.99305883532637,465.72306490153517
20240728,472,65,876,16,283,19.275920948664368,41.35738189152874,222.3666971598069
20240728,471,65,206,5,853,64.61535266048399,92.948753026021,695.435894313495
20240728,524,65,755,5,953,126.00471298987819,101.70098879835366,725.2942982117681
20240728,615,65,460,5,527,62.67430127081332,66.25747122162159,398.0682275075651
20240728,432,65,872,2,456,47.20084765115987,37.19537822686105,371.6037741219791
20240728,513,65,323,19,480,70.6144497006427,50.986313117349184,358.3992371820081
20240728,830,65,53,10,360,36.742479187619566,27.374917120548474,295.88260369183195
20240728,219,65,707,12,616,73.60849541034762,79.50701207508575,462.88449251456666
20240728,815,65,208,8,868,54.21574682206001,97.68980675289788,716.0944464250422
20240728,101,65,244,4,112,10.390732994521025,14.415593845629813,87.19367315984917
20240728,486,65,335,13,326,46.335666575554804,47.712307422319284,231.9520260021259
20240728,449,65,401,3,859,92.10038145599987,79.78890735503239,687.1107111889678
20240728,403,65,328,15,349,48.697396283649844,50.67722298873718,249.625380727613
20240728,781,65,385,4,835,37.70504102833839,124.23995868070949,673.0550002909521
20240728,368,65,579,3,771,105.71299478863203,79.04615998893382,586.2408452224341
20240728,444,65,676,17,365,32.88764802204804,33.05368549803419,299.05866647991775
20240728,790,65,335,13,609,58.65308489997798,71.27565864216514,479.07125645785686
20240728,930,65,431,14,156,8.926450740174,8.31948513295134,138.75406412687465
20240728,624,65,519,12,294,16.273682647520406,42.39712314714101,235.32919420533858
20240728,434,65,788,8,699,19.65071818418781,84.8474548686715,594.5018269471407
20240728,891,65,195,4,289,26.112596561960387,35.90453839874256,226.98286503929705
20240728,308,65,355,14,891,44.77103025076126,69.92346769101908,776.3055020582196
20240728,269,65,175,5,630,30.090136461019284,52.48564509463242,547.4242184443483
20240728,982,65,644,13,963,140.97738464033083,139.2866609204783,682.7359544391909
20240728,979,65,370,17,176,15.448218662471401,23.424640296708002,137.1271410408206
20240728,697,65,337,1,965,40.66890761229674,114.47901655023628,809.8520758374669
20240728,495,65,994,7,245,32.41479617491244,17.715363830673137,194.8698399944144
20240728,636,65,276,9,955,127.49734000109527,114.21648383747913,713.2861761614256
20240728,400,65,190,16,323,6.546768811676441,25.34457044731237,291.1086607410112
20240728,352,65,655,5,272,9.53112506145172,36.577247003517996,225.89162793503027
20240728,831,65,542,11,740,105.94638141962731,89.12514889026627,544.9284696901063
20240728,89,65,596,11,176,10.369433886746002,21.387960867262777,144.24260524599123
20240728,35,65,340,8,886,45.50228551577698,58.01935985118914,782.4783546330339
20240728,207,65,711,19,391,20.225078949198334,38.76920600447134,332.00571504633035
20240728,469,65,523,14,205,13.82523652759571,19.433370521053018,171.74139295135126
20240728,263,65,979,20,194,21.46863534081415,26.515899252713474,146.01546540647237
20240728,988,65,1000,16,287,23.35831117435221,35.014748628763144,228.62694019688465
20240728,398,65,241,1,249,35.39723630618769,13.796550440975222,199.8062132528371
20240728,547,65,908,6,280,6.082216496017699,37.26311388349958,236.6546696204827
20240728,641,65,294,17,179,6.40404847117436,16.195157989216053,156.4007935396096
20240728,232,65,840,4,486,30.967083342875235,39.10843529123539,415.9244813658894
20240728,342,65,947,19,198,27.813216105966728,23.748782510390335,146.43800138364293
20240728,202,65,666,2,485,17.382796427513746,36.52145859492629,431.09574497755995
20240728,25,65,569,5,444,59.918068657731155,30.465217814693695,353.61671352757514
20240728,638,65,902,4,677,34.86468768021594,44.01652953401789,598.1187827857661
20240728,586,65,376,2,713,41.171897236659326,99.9084379684824,571.9196647948582
20240728,651,65,870,13,106,12.721886196159469,6.9955635994154655,86.28255020442506
20240728,782,65,306,3,304,22.974447835862218,38.7249384510911,242.3006137130467
20240728,859,65,807,15,342,29.52843208508966,25.502722578893493,286.96884533601684
20240728,330,65,549,8,808,59.79506974480002,118.83135443908817,629.3735758161118
20240728,48,65,708,18,160,14.805900438899275,8.451402126548945,136.7426974345518
20240728,660,65,633,14,173,22.735564629683342,15.77771547336499,134.48671989695168
20240728,955,65,483,15,254,31.427380469434958,35.34462496212818,187.22799456843686
20240728,636,65,124,5,753,16.46446863287112,87.06288371967021,649.4726476474586
20240728,205,65,543,11,260,9.37684940078822,25.090707741769716,225.53244285744205
20240728,421,65,423,9,389,25.168241729758364,26.335273509559176,337.49648476068245
20240728,735,65,222,17,524,75.9241668936198,35.49351236663041,412.5823207397498
20240728,988,65,574,2,754,70.93902226460756,65.98156279761174,617.0794149377807
20240728,750,65,82,13,962,81.14511519894151,107.88080369940816,772.9740811016503
20240728,9,65,967,16,918,92.76655589384882,102.48949804233239,722.7439460638188
20240728,612,65,264,15,734,47.20473299789019,55.763192879780284,631.0320741223295
20240728,926,65,357,18,490,47.80846377571355,64.852118656214,377.33941756807246
20240728,186,65,911,13,793,78.66939078687915,65.83011571052928,648.5004935025916
20240728,967,65,7,19,316,35.480225747473376,40.65208482391158,239.86768942861505
20240728,913,65,783,3,716,23.379471113173175,103.15423201639454,589.4662968704323
20240728,836,65,532,8,950,53.338287311583045,106.67748911493295,789.984223573484
20240728,145,65,788,18,210,9.514046047095988,25.45712814746654,175.02882580543746
20240728,610,65,837,1,283,7.491099112781645,20.472393294081517,255.03650759313683
20240728,5,65,942,15,428,46.61630011350485,32.93677480421939,348.44692508227575
20240728,676,65,922,18,982,105.08342779099488,141.14855407492993,735.7680181340752
20240728,673,65,139,6,679,84.27003353542624,74.48421129568997,520.2457551688838
20240728,362,65,162,8,214,30.847417851607712,12.684795775559575,170.4677863728327
20240728,153,65,234,11,593,48.07809164817981,72.53496966209823,472.38693868972194
20240728,397,65,296,6,897,132.9162980083731,105.29088267347342,658.7928193181535
20240728,390,65,995,4,286,31.04180811184559,34.38627330516973,220.57191858298467
20240728,111,65,55,9,735,94.95606726164787,101.01457120973677,539.0293615286154
20240728,544,65,451,8,909,126.38630582286436,75.76464907319713,706.8490451039386
20240728,695,65,869,7,436,35.000126088780135,64.85171146090494,336.14816245031494
20240728,984,65,299,10,941,55.618917204287804,136.50668714582073,748.8743956498914
20240728,994,65,143,16,530,75.69667729262802,30.58442631797217,423.7188963893998
20240728,803,65,315,1,687,95.41501988364082,88.88052050797266,502.7044596083865
20240728,785,65,118,14,609,62.63802564310028,59.29456962760907,487.0674047292906
20240728,131,65,893,5,921,53.36494526667339,106.47579695168861,761.159257781638
20240728,284,65,15,14,245,5.79523781481848,31.925140786475737,207.27962139870579
20240728,936,65,377,9,642,40.31738195689968,83.09425649273683,518.5883615503635
20240728,719,65,306,17,191,28.579754478425333,19.490530935937848,142.92971458563682
20240728,125,65,952,2,666,56.30147060517343,33.40435682159081,576.2941725732358
20240728,903,65,117,16,120,8.706083218030711,7.371181267866039,103.92273551410325
20240728,143,65,312,12,126,13.359966724182375,10.358943930092423,102.2810893457252
20240728,524,65,848,6,735,89.35366186546155,60.97814964766056,584.6681884868779
20240728,562,65,923,2,150,17.76069173337875,11.514867229824615,120.72444103679663
20240728,4,65,491,12,705,53.61871020877272,45.72067752527465,605.6606122659526
20240728,62,65,477,14,859,65.87773266872209,76.01668560850162,717.1055817227763
20240728,635,65,957,15,308,18.260126477965034,32.44914030192637,257.29073322010856
20240728,546,65,492,5,941,52.55382789253497,129.63574942407587,758.8104226833891
20240728,26,65,920,17,204,18.967245361117982,23.841024638014535,161.1917300008675
20240728,385,65,481,9,715,58.576207420066346,40.5642623269504,615.8595302529833
20240728,508,65,347,4,557,75.83321207976503,72.14142754118613,409.02536037904883
20240728,478,65,963,19,569,46.10565902453332,40.46412533489436,482.4302156405723
20240728,606,65,719,19,694,22.4552215619886,87.20164866098222,584.3431297770292
20240728,119,65,407,12,316,37.87485679530516,22.39335207093915,255.73179113375568
20240728,368,65,863,20,321,10.527682535762445,24.88937115018165,285.5829463140559
20240728,192,65,328,18,229,14.185878660615737,13.787226816284607,201.02689452309966
20240728,603,65,511,9,940,22.457591719146603,123.52238601440517,794.0200222664482
20240728,237,65,447,17,539,57.29859978520011,76.02880886626001,405.67259134853987
20240728,482,65,8,11,371,32.519665496622075,52.05425147612122,286.4260830272567
20240728,585,65,318,12,166,24.561757299795882,9.169493755893571,132.26874894431054
20240728,788,65,228,19,782,23.46413727314808,45.01398295751223,713.5218797693396
20240728,502,65,225,17,656,18.604522993013862,53.55937933605653,583.8360976709296
20240728,334,65,496,7,556,55.74887101549124,48.26674356354961,451.98438542095914
20240728,272,65,236,6,422,52.175539539063635,33.68127832978258,336.1431821311538
20240728,87,65,636,15,187,5.652963007548716,15.435599104396259,165.91143788805502
20240728,309,65,814,2,684,56.30145885141078,60.07524779662131,567.623293351968
20240728,912,65,949,4,170,21.32558255082584,12.986993972963237,135.68742347621094
20240728,945,65,460,17,112,5.606402472272643,15.943899283618183,90.44969824410917
20240728,676,65,422,18,605,57.37093215220381,40.658397426847294,506.97067042094886
20240728,45,65,917,20,371,16.000466234156583,19.373817694177465,335.6257160716659
20240728,23,65,244,7,374,8.186081258925183,22.474181795545707,343.3397369455291
20240728,206,65,304,18,515,11.575182016367659,58.864524179520636,444.5602938041117
20240728,650,65,129,13,253,28.277451149736734,27.48647895055526,197.236069899708
20240728,505,65,944,5,894,34.826037463648525,63.184882418112664,795.9890801182388
20240728,378,65,280,3,774,34.59845424437069,44.48380510937823,694.9177406462511
20240728,537,65,423,9,438,39.20844409852964,55.21274874167791,343.57880715979246
20240728,227,65,390,6,593,26.86332589624779,31.998998434695324,534.1376756690569
20240728,405,65,707,3,883,28.64040975548951,109.40031705553973,744.9592731889708
20240728,401,65,57,16,518,34.75620564107532,59.71006983181227,423.53372452711244
20240728,715,65,875,7,250,32.48589146017027,25.631423408913445,191.8826851309163
20240728,117,65,55,13,571,44.19829600952259,58.4108979695483,468.3908060209291
20240728,293,65,589,2,713,44.32368381140374,41.87052323148673,626.8057929571096
20240728,857,65,976,14,811,114.96746488207428,43.63177809663958,652.4007570212862
20240728,806,65,685,14,489,13.633505891141443,59.90418449663818,415.4623096122204
20240728,705,65,737,8,150,12.372699121230855,13.12555485345789,124.50174602531126
20240728,560,65,659,19,640,53.778493765811184,56.40656662721183,529.814939606977
20240728,914,65,716,6,525,68.35564666899016,66.56325570338677,390.0810976276231
20240728,775,65,193,17,210,29.373414319471237,29.968436504995346,150.65814917553342
20240728,218,65,485,11,669,46.198311126278135,75.6930602522534,547.1086286214685
20240728,878,65,923,9,567,29.39367177812682,31.642487366872952,505.9638408550002
20240728,209,65,191,1,202,9.397414872510671,15.566371622306765,177.03621350518256
20240728,474,65,90,10,870,33.00608627164654,45.50602611654057,791.4878876118129
20240728,931,65,853,8,324,47.16991346998275,23.632600190728795,253.19748633928845
20240728,366,65,505,18,295,42.49191466397491,27.512456947596768,224.99562838842832
20240728,449,65,783,10,240,7.885975385321848,32.472940078255256,199.6410845364229
20240728,807,65,726,16,253,37.167910304732594,14.114886451364942,201.71720324390247
20240728,75,65,762,9,613,29.86385529436033,37.03090276347951,546.1052419421602
20240728,17,65,491,10,761,111.04441433778183,51.464480508280765,598.4911051539374
20240728,652,65,543,11,709,82.43834043904667,90.32942088866061,536.2322386722927
20240728,463,65,431,19,736,84.65689026341013,55.02393376652147,596.3191759700684
20240728,644,65,691,15,635,77.66347595562578,80.37344466487626,476.96307937949797
20240728,472,65,518,17,343,24.231852174622226,24.66877141142743,294.0993764139503
20240728,132,65,194,2,634,80.08029516808791,77.37882186826626,476.5408829636458
20240728,33,65,303,6,252,15.756633497861293,28.25186212764178,207.9915043744969
20240728,739,65,73,18,355,14.247172211566339,28.70790881811509,312.0449189703186
20240728,75,65,643,4,470,46.5077667397338,69.92781619845618,353.56441706181
20240728,980,65,748,3,506,70.03825732443916,35.06901323300884,400.89272944255197
20240728,604,65,137,11,840,110.04924458465892,63.10791333057161,666.8428420847695
20240728,851,65,454,3,465,18.43097803886033,30.673419381606937,415.89560257953275
20240728,965,65,591,20,493,16.085518323980722,34.426822966399364,442.4876587096199
20240728,604,65,770,11,284,24.802674277702295,41.936054862515626,217.2612708597821
20240728,43,65,169,11,324,45.5894205290545,35.85924277217863,242.55133669876687
20240728,614,65,507,4,152,11.186223011364172,21.526030462538742,119.2877465260971
20240728,224,65,936,10,798,54.834610971770125,64.65576149156674,678.5096275366632
20240728,79,65,689,11,979,27.236771107456647,57.61959925438067,894.1436296381627
20240728,242,65,140,18,794,56.13380827032663,108.27084971740642,629.5953420122669
20240728,238,65,866,19,144,13.911908020994494,11.902226099301856,118.18586587970364
20240728,602,65,631,1,292,20.77807184618303,40.97243439310872,230.24949376070825
20240728,752,65,158,4,940,140.0265548753304,77.4314778632569,722.5419672614128
20240728,59,65,551,15,133,14.120428600039522,15.038544543543521,103.84102685641696
20240728,914,65,373,17,846,47.446159589977206,126.59368703452601,671.9601533754968
20240728,636,65,576,16,221,9.080727714425676,14.304387845181822,197.6148844403925
20240728,565,65,48,12,742,85.02992232282166,97.65014170917097,559.3199359680074
20240728,302,65,771,14,870,97.32769288145599,82.18310819543247,690.4891989231115
20240728,984,65,734,20,372,35.52154221386152,20.003818523834195,316.47463926230427
20240728,916,65,821,14,153,18.79906333257635,17.063689867969007,117.13724679945464
20240728,95,65,599,11,320,33.992131169447944,47.33557441955426,238.67229441099778
20240728,164,65,773,14,657,43.178086346457064,72.91040226344681,540.9115113900962
20240728,8,65,927,17,266,19.77392719953848,16.049140368501742,230.17693243195978
20240728,772,65,118,5,210,15.564805449871253,16.11121521146838,178.32397933866037
20240728,922,65,272,19,457,24.881613942205366,54.16247284194501,377.9559132158496
20240728,178,65,971,13,304,11.609574335777914,43.64544848049529,248.7449771837268
20240728,7,65,913,18,829,50.09251114460541,99.9754692066057,678.9320196487889
20240728,489,65,771,20,581,11.757048381256213,74.26178544010894,494.98116617863485
20240728,955,65,550,12,211,15.017900382871714,18.795806945645182,177.1862926714831
20240728,127,65,836,11,697,70.81146734202278,63.55680327857493,562.6317293794023
20240728,18,65,714,12,600,13.299858137642877,34.73412460693787,551.9660172554193
20240728,850,65,941,15,917,119.74790259919179,53.659942291354774,743.5921551094534
20240728,715,65,793,11,892,111.4299386598122,86.07921118059743,694.4908501595903
20240728,945,65,414,11,642,92.52891060522903,72.06459722328222,477.40649217148876
20240728,141,65,575,7,996,97.49196876435776,80.74546018081311,817.7625710548291
20240728,932,65,608,4,791,62.75852309223946,118.60506483923372,609.6364120685269
20240728,907,65,680,15,628,89.34960716813393,83.5285734769751,455.121819354891
20240728,798,65,22,7,348,13.818800596354523,17.538731843597784,316.6424675600477
20240728,658,65,822,2,296,15.372079736660504,17.597123576598687,263.0307966867408
20240728,408,65,725,15,496,54.372765767507865,67.28909599015651,374.3381382423356
20240728,989,65,883,3,910,107.2742702745185,123.40759481600587,679.3181349094757
20240728,179,65,829,5,285,13.295109080134328,19.227022106529894,252.47786881333576
20240728,510,65,680,19,321,45.8911508161961,22.263133662888933,252.84571552091495
20240728,659,65,598,11,316,45.423613287055176,28.952594289704,241.62379242324084
20240728,356,65,770,20,972,34.882351272583676,133.8900067713522,803.2276419560642
20240728,54,65,598,12,532,19.207843799620626,67.11308140167436,445.679074798705
20240728,478,65,209,8,765,94.61443769010948,55.97148408677305,614.4140782231175
20240728,185,65,80,7,425,30.35855375547002,50.46473113383296,344.17671511069705
20240728,807,65,851,13,449,56.242631992695316,65.98700681461119,326.7703611926935
20240728,262,65,874,11,853,109.75767855447683,52.52764248848814,690.7146789570351
20240728,910,65,617,4,152,13.356652000256451,9.639511189994709,129.00383680974883
20240728,536,65,162,8,397,48.334367350126946,27.211348400010472,321.45428424986255
20240728,37,65,73,18,345,27.132752299445787,38.132032771276165,279.7352149292781
20240728,215,65,927,11,759,35.43885317491593,52.65613338708293,670.9050134380011
20240728,237,65,936,3,553,41.45494410568237,67.74865203658133,443.7964038577363
20240728,632,65,357,17,533,18.055003076548644,38.15458938427169,476.7904075391797
20240728,58,65,88,8,502,16.495134781044474,68.04303302811,417.46183219084554
20240728,312,65,421,17,312,29.149381641898824,45.35756331659883,237.49305504150234
20240728,247,65,736,17,710,83.06457016386976,43.57615868201069,583.3592711541196
20240728,732,65,538,15,644,13.375519366149836,43.0893949785383,587.5350856553118
20240728,256,65,387,3,906,94.53882055846539,96.73299560476967,714.728183836765
20240728,184,65,730,2,288,20.60216645012622,40.54049522127347,226.85733832860032
20240728,646,65,960,19,137,4.421696850300369,17.634593001818814,114.94371014788082
20240728,482,65,504,17,760,48.311289863747376,53.93609166158634,657.7526184746663
20240728,293,65,121,5,539,54.83565658342357,78.16066052433412,406.0036828922423
20240728,417,65,125,18,472,24.184248870331025,48.838569718739386,398.9771814109296
20240728,682,65,234,13,483,20.861257292751812,36.09237474355873,426.0463679636895
20240728,256,65,798,6,140,18.38214412935138,16.74083467644236,104.87702119420626
20240728,377,65,7,9,292,29.04032143895269,42.426611279952084,220.5330672810952
20240728,632,65,611,2,697,41.79801053954595,40.03552485038347,615.1664646100705
20240728,419,65,396,14,911,130.85716640100358,74.18045844401624,705.9623751549802
20240728,214,65,983,9,933,70.3362273785577,96.38147662081276,766.2822960006296
20240728,194,65,25,4,959,38.63882885797595,57.17583298669663,863.1853381553274
20240728,649,65,854,20,337,13.802657560025093,25.152638821645983,298.0447036183289
20240728,786,65,860,7,931,91.02977621743116,133.6448305112428,706.325393271326
20240728,897,65,931,5,652,36.7356540560376,85.12434869538166,530.1399972485807
20240728,880,65,588,20,552,64.12081074019555,61.024527348090906,426.85466191171355
20240728,244,65,904,6,514,24.046225518227466,29.36604795344422,460.5877265283283
20240728,731,65,756,13,280,24.557617034152525,38.91873720681118,216.5236457590363
20240728,885,65,45,19,229,30.370163207855708,21.221789386598076,177.4080474055462
20240728,1000,65,969,20,810,18.89147736073875,108.96334636681094,682.1451762724503
20240728,693,65,783,20,830,57.428822086742024,123.2534920393983,649.3176858738597
20240728,866,65,959,19,555,25.454246276591427,54.67478502036523,474.87096870304333
20240728,264,65,828,10,970,64.07952637844284,87.60325262125878,818.3172210002983
20240728,743,65,715,8,988,80.79419226607565,118.59170020024091,788.6141075336834
20240728,933,65,267,1,396,18.344589058095764,38.763486794943695,338.89192414696055
20240728,53,65,497,7,166,11.721086340800293,13.229932458685834,141.04898120051388
20240728,351,65,917,6,511,23.095156831443518,47.41892135418435,440.48592181437215
20240728,60,65,953,7,748,78.12088679124894,73.97088647368739,595.9082267350636
20240728,380,65,769,3,685,47.61136101985979,44.76555261037409,592.6230863697662
20240728,19,65,711,8,937,43.327590843209784,116.32715368516052,777.3452554716297
20240728,631,65,27,11,830,42.44274864001831,106.76377669973974,680.7934746602419
20240728,163,65,462,15,967,63.517389727741346,51.603255880073526,851.8793543921852
20240728,250,65,797,1,287,24.999296641637116,18.813223052620703,243.18748030574218
20240728,113,65,837,18,183,10.006214806598765,10.51953890694802,162.47424628645322
20240728,33,65,247,6,323,41.923748122733876,38.28672239235398,242.78952948491215
20240728,302,65,852,16,877,67.94693938908229,70.85747459025951,738.1955860206582
20240728,765,65,433,10,929,105.07649655313455,116.56775935994699,707.3557440869184
20240728,725,65,174,6,902,118.40617338094225,118.04398840172603,665.5498382173317
20240728,497,65,531,18,635,72.33352896972906,35.70023521177845,526.9662358184925
20240728,668,65,503,6,237,10.651586988238332,20.787090398667793,205.56132261309386
20240728,268,65,882,10,181,9.7528648628944,21.025410240723314,150.22172489638228
20240728,420,65,369,4,300,9.880747435460142,26.57205333722069,263.5471992273192
20240728,87,65,379,7,712,17.499167779372847,41.30128918094886,653.1995430396782
20240728,5,65,382,16,318,12.727656175314095,39.577744842993305,265.6945989816926
20240728,819,65,584,14,170,23.545529659236788,17.66958646580611,128.7848838749571
20240728,598,65,493,5,729,18.751614707906196,38.65563529481765,671.5927499972762
20240728,133,65,112,3,575,55.44518781197662,76.09830747251341,443.45650471550994
20240728,974,65,598,19,213,31.64527364208451,15.776018173220457,165.57870818469502
20240728,175,65,935,16,548,41.28751451786125,46.884936106908334,459.82754937523043
20240728,940,65,191,8,991,101.17172798181959,117.8054375820056,772.0228344361749
20240728,242,65,791,1,905,58.97490300438834,84.47604095410856,761.549056041503
20240728,875,65,103,8,745,93.17421545889357,88.37332238134005,563.4524621597664
20240728,11,65,351,14,166,9.291343975796932,9.955515996364607,146.75314002783847
20240728,288,65,419,13,501,47.6198098702646,33.13721185758231,420.2429782721531
20240728,572,65,90,15,404,23.74701996782814,40.17303819068456,340.0799418414873
20240728,21,65,597,1,844,46.23301203218836,100.15839697917558,697.608590988636
20240728,758,65,765,12,716,106.3303005653387,94.8762325344389,514.7934669002224
20240728,15,65,89,19,847,48.5030561234805,120.83647398394196,677.6604698925776
20240728,986,65,880,10,669,17.04779265409175,86.89030485642198,565.0619024894863
20240728,612,65,529,15,388,9.15492800943144,22.075954562076,356.76911742849256
20240728,151,65,745,5,733,41.47319925629682,50.32469267437818,641.202108069325
20240728,940,65,820,3,374,46.40137689077632,36.45297526314608,291.1456478460776
20240728,170,65,749,15,313,19.909922273956322,46.709673010834685,246.380404715209
20240728,252,65,369,20,640,34.838298885996146,70.59309061452865,534.5686104994752
20240728,338,65,927,13,138,4.680413200895854,17.069139397908533,116.25044740119561
20240728,486,65,15,6,588,30.555092868326,51.78754963369246,505.65735749798154
20240728,888,65,451,15,118,5.647586034891948,10.057880298757219,102.29453366635083
20240728,412,65,497,10,882,40.33389490588186,65.54853458204153,776.1175705120766
20240728,850,65,823,19,170,7.00004803210881,14.063052424475377,148.93689954341582
20240728,743,65,697,5,699,54.21190029106663,37.71741153593409,607.0706881729993
20240728,170,65,156,4,564,28.052744341770897,76.85242812678648,459.09482753144266
20240728,184,65,176,19,393,37.745866645364764,31.95463251871792,323.29950083591734
20240728,482,65,531,13,656,57.172498236829654,74.47845167619307,524.3490500869773
20240728,368,65,106,13,944,74.87690460355125,113.323712147967,755.7993832484817
20240728,395,65,515,12,414,35.148413954127626,33.68444938610156,345.1671366597708
20240728,27,65,570,9,385,48.32574344245222,53.99731926598016,282.6769372915676
20240728,522,65,270,16,507,18.230007107627802,61.648193476815514,427.12179941555667
20240728,800,65,291,17,688,58.167995114993545,76.93337746947685,552.8986274155296
20240728,402,65,365,4,796,108.94336186511799,113.88023229018918,573.1764058446928
20240728,267,65,626,6,289,8.461971445774589,39.62861541559075,240.90941313863465
20240728,842,65,141,4,612,50.51480275935618,90.07913393003047,471.4060633106134
20240728,45,65,517,14,350,10.75960788252209,48.76535378881701,290.4750383286609
20240728,419,65,185,18,330,40.34621171792854,30.117897829090168,259.5358904529813
20240728,244,65,835,5,624,69.47575792285795,58.18633576901738,496.3379063081247
20240728,6,65,526,17,148,17.6401154857148,10.809333405406406,119.55055110887879
20240728,473,65,358,10,940,61.078539691154894,89.76246186735715,789.1589984414879
20240728,382,65,283,16,883,118.4951630664627,127.02151021802382,637.4833267155135
20240728,862,65,22,4,316,27.177681349176563,20.66147478841894,268.1608438624045
20240728,496,65,891,20,927,55.44791078872062,69.56819286237032,801.9838963489091
20240728,989,65,740,2,325,8.195138466528297,22.99052609587722,293.8143354375945
20240728,975,65,21,4,123,8.46756462108034,14.792332743705455,99.74010263521421
20240728,298,65,826,12,925,127.72371620710773,129.51510525010355,667.7611785427887
20240728,378,65,259,12,544,17.632484417514362,29.280666207196003,497.0868493752896
20240728,218,65,529,8,270,26.56069829068417,18.625769831333816,224.81353187798203
20240728,662,65,817,10,298,33.95062084000423,15.926054479558418,248.12332468043735
20240728,982,65,903,12,191,15.957752301384875,11.80199478567182,163.2402529129433
20240728,686,65,76,10,720,32.20164397059822,42.813076661933145,644.9852793674686
20240728,836,65,872,17,883,79.18151317768658,80.78440687086082,723.0340799514527
20240728,942,65,146,11,847,120.09164702815622,65.30796270074363,661.6003902711002
20240728,205,65,770,12,953,129.36256586129642,64.21803464252326,759.4193994961803
20240728,430,65,955,11,632,68.5072657419288,46.72095219417175,516.7717820638994
20240728,637,65,679,20,743,27.661547799504685,67.29767801994058,648.0407741805548
20240728,807,65,781,15,188,16.077903460975197,11.453984502186898,160.4681120368379
20240728,262,65,674,9,935,68.96488852497349,112.52855407109415,753.5065574039323
20240728,403,65,961,1,134,3.4574412481548835,9.03459420909184,121.50796454275329
20240728,437,65,454,18,685,36.001345489840276,54.91894021767026,594.0797142924895
20240728,285,65,519,9,676,48.008308545865745,87.69827754321503,540.2934139109193
20240728,623,65,145,4,272,25.059565937082027,14.032060945984956,232.90837311693303
20240728,503,65,840,9,640,51.35783407265322,42.85710128946404,545.7850646378828
20240728,874,65,469,6,759,26.04506886633932,70.60712962127398,662.3478015123867
20240728,102,65,278,1,923,67.23644173205767,115.01325912867625,740.7502991392661
20240728,89,65,517,11,439,19.186446490776873,61.61539594250926,358.19815756671386
20240728,435,65,375,10,252,30.6153328375714,15.125294106696971,206.25937305573163
20240728,744,65,368,8,697,93.07361426701442,48.59715662069573,555.3292291122898
20240728,986,65,260,6,734,34.99734970622552,41.88378650638766,657.1188637873868
20240728,214,65,29,1,399,20.948819429586788,45.50945685924371,332.5417237111695
20240728,579,65,432,15,102,10.712066152428916,10.356456957210648,80.93147689036044
20240728,263,65,167,18,476,26.76105532065853,54.74351578503661,394.49542889430484
20240728,667,65,776,9,292,36.04054918437541,25.718139349118363,230.24131146650623
20240728,510,65,486,2,192,11.863566474262733,16.845309103795188,163.29112442194207
20240728,391,65,190,1,448,10.832163630340535,50.450570010268756,386.7172663593907
20240728,962,65,244,10,406,8.566926851530198,26.488243255153566,370.94482989331624
20240728,537,65,435,16,918,47.55461747877245,114.41944458393529,756.0259379372923
20240728,152,65,814,6,135,6.094057030472461,15.06813840247758,113.83780456704996
20240728,870,65,428,19,988,35.78145691230765,102.83925309070202,849.3792899969903
20240728,374,65,884,19,271,9.527673181114334,29.035223275783647,232.437103543102
20240728,454,65,890,2,520,69.76280195336783,73.52229093703504,376.7149071095971
20240728,580,65,805,1,797,73.24506162272749,118.44654631544397,605.3083920618285
20240728,805,65,688,15,371,38.133864245935996,31.617143089047232,301.2489926650168
20240728,262,65,522,13,482,52.326134102454326,32.61376442175561,397.0601014757901
20240728,702,65,653,15,257,11.505360708080882,22.119836856013947,223.37480243590517
20240728,456,65,158,1,879,118.00473411883031,82.8118082285635,678.1834576526062
20240728,39,65,751,20,137,18.309513786592763,20.418714240347693,98.27177197305954
20240728,506,65,916,10,561,63.10990114780094,52.482834777195066,445.407264075004
20240728,373,65,161,15,915,52.986646762210846,91.08179200430575,770.9315612334834
20240728,345,65,110,17,436,39.748714781826216,41.415067551656485,354.8362176665173
20240728,15,65,737,13,141,8.059218235741964,7.103113255878893,125.83766850837914
20240728,282,65,576,2,970,114.96249810011133,66.5000343919795,788.5374675079092
20240728,761,65,639,8,872,117.41231477855594,107.12825964670895,647.4594255747352
20240728,419,65,455,1,468,39.84898664048342,27.97515720799161,400.17585615152495
20240728,357,65,54,7,953,24.44440009793881,135.11768413974576,793.4379157623155
20240728,694,65,444,8,204,23.351593560093765,10.361174788579818,170.2872316513264
20240728,809,65,353,1,447,48.69316499952812,47.77681031221068,350.53002468826116
20240728,440,65,495,12,846,87.55218741789098,80.44145177354146,678.0063608085676
20240728,998,65,842,18,245,28.40100298354476,19.049956293741264,197.54904072271398
20240728,751,65,120,18,957,124.12349403879165,104.86444659424143,728.0120593669669
20240728,702,65,155,12,817,58.302928172382465,102.72049562259737,655.9765762050201
20240728,743,65,245,14,306,10.321112886338776,24.96654491867866,270.71234219498257
20240728,37,65,691,12,263,15.669338881621862,26.27301565284627,221.05764546553186
20240728,836,65,359,15,348,22.49170081268357,51.408809295272015,274.0994898920444
20240728,535,65,356,14,843,29.10948067907088,61.878270196754585,752.0122491241746
20240728,336,65,154,16,624,34.39419694163784,81.85824527390604,507.74755778445615
20240728,4,65,481,1,189,19.69439185251259,12.70509963130383,156.6005085161836
20240728,59,65,434,1,989,128.96840545980575,105.60096322339552,754.4306313167988
20240728,334,65,189,20,664,59.83600484347665,46.59973676088576,557.5642583956376
20240728,751,65,931,3,694,83.27335648725084,79.27325515670036,531.4533883560488
20240728,156,65,230,8,640,93.18751212138866,90.19573037249171,456.6167575061196
20240728,223,65,82,3,114,3.2385502115065905,6.94786260309462,103.81358718539879
20240728,315,65,34,6,789,39.86442427921573,45.87175421660058,703.2638215041836
20240728,273,65,647,8,776,49.690240125132384,39.85473553397761,686.45502434089
20240728,735,65,287,4,706,87.34776864938222,39.54499435872568,579.1072369918921
20240728,110,65,24,18,360,26.895991234590692,37.612573492618715,295.49143527279057
20240728,164,65,16,16,502,49.54135499017689,48.48457280486258,403.9740722049605
20240728,776,65,13,19,556,47.199487722785086,34.73760837715368,474.0629039000612
20240728,190,65,142,16,584,50.85177288566802,51.713817395881975,481.43440971845
20240728,207,65,667,2,248,14.572143204353443,32.205976125000745,201.22188067064582
20240728,971,65,933,16,295,21.48750612944997,35.951586422637675,237.56090744791237
20240728,664,65,575,9,426,60.79311842911957,59.87726105044768,305.32962052043274
20240728,14,65,639,2,866,123.79671649389427,48.10440617462527,694.0988773314805
20240728,719,65,861,4,912,115.2251792697869,130.03608509735838,666.7387356328547
20240728,170,65,348,3,960,61.53221792056661,52.19770876025849,846.2700733191749
20240728,97,65,124,20,817,53.17326838575325,73.34074636598665,690.4859852482601
20240728,67,65,545,13,249,16.184546200760394,24.29334450913142,208.52210929010818
20240728,874,65,75,5,539,53.00595968567581,57.77187830242543,428.2221620118988
20240728,798,65,142,3,844,93.81559960785847,90.80301247550953,659.381387916632
20240728,142,65,831,7,203,14.906379086508107,15.29359452027554,172.80002639321634
20240728,771,65,992,11,982,53.563558536637686,111.33675595055789,817.0996855128044
20240728,753,65,915,8,732,70.44110423960763,63.23518941110834,598.3237063492841
20240728,489,65,877,20,539,59.14618724580293,63.15395496328891,416.69985779090814
20240728,43,65,113,4,164,5.6934912481011635,22.07739768006637,136.22911107183248
20240728,33,65,904,15,254,13.945567754569641,29.33076277655093,210.72366946887942
20240728,496,65,725,7,128,11.796519811668217,9.427081602274002,106.77639858605778
20240728,565,65,622,14,424,54.93511761237539,27.014055490126598,342.05082689749804
20240728,255,65,396,4,425,18.700690089326773,48.71554658829166,357.58376332238157
20240728,673,65,867,1,148,9.397511265015421,16.756623633311545,121.84586510167304
20240728,823,65,584,17,393,21.665646096811635,45.474056123186564,325.8602977800018
20240728,456,65,689,10,411,17.510725669088362,47.2849975655146,346.204276765397
20240728,170,65,570,18,486,10.722577854977118,72.16848863595445,403.10893350906844
20240728,659,65,113,11,452,49.33998712911368,54.42427488811961,348.2357379827667
20240728,120,65,465,18,902,125.44480904772117,108.1131399080217,668.4420510442571
20240728,362,65,785,8,792,79.92004300285015,56.16205341996252,655.9179035771873
20240728,388,65,119,18,858,49.71012361939894,83.92821904479484,724.3616573358063
20240728,977,65,309,20,223,12.264414863069662,12.187717585972152,198.5478675509582
20240728,79,65,401,4,921,112.61422834812019,111.97813303411877,696.407638617761
20240728,745,65,871,4,905,102.81045329175988,129.2318891965714,672.9576575116687
20240728,626,65,151,5,912,27.42046031323329,66.583585045028,817.9959546417388
20240728,877,65,496,2,823,27.686745278969997,98.39629954136464,696.9169551796654
20240728,18,65,796,12,389,20.224944505806977,44.751880096052275,324.0231753981408
20240728,187,65,374,17,320,20.52538760717089,33.72121862017472,265.75339377265436
20240728,566,65,182,11,865,67.13406624078536,65.25377715015087,732.6121566090637
20240728,615,65,150,7,812,73.03530529502989,71.840725272897,667.1239694320732
20240728,502,65,328,13,973,81.16143953546988,95.74665620297158,796.0919042615585
20240728,966,65,468,10,839,105.96043352511921,125.22120279797888,607.818363676902
20240728,893,65,879,20,487,50.26917146176878,52.57526578003053,384.1555627582007
20240728,403,65,704,7,222,14.124781381807196,29.099113015419533,178.77610560277327
20240728,405,65,480,10,522,12.021734746273808,52.47933186641894,457.49893338730726
20240728,404,65,823,15,757,41.88381870063081,90.1448670290692,624.9713142703
20240728,816,65,574,17,118,9.17682181043272,10.903559952009795,97.91961823755749
20240728,117,65,829,19,828,66.90084321374333,48.22758987884178,712.871566907415
20240728,846,65,833,14,744,100.10564464757243,86.40074787318149,557.4936074792461
20240728,112,65,832,11,225,15.670200139554222,12.230338904307114,197.09946095613867
20240728,278,65,259,19,432,28.990923757187186,31.233821971398054,371.7752542714148
20240728,339,65,302,12,767,54.293369386527075,81.25650759896568,631.4501230145072
20240728,92,65,265,6,859,58.91689477286321,88.07427985671825,712.0088253704185
20240728,881,65,280,18,261,25.7152803553133,21.884347830073857,213.40037181461284
20240728,308,65,368,4,112,10.328468150761072,11.557537248471771,90.11399460076716
20240728,162,65,913,9,915,110.05469696932386,118.64188412128358,686.3034189093926
20240728,354,65,793,13,826,39.94268313931382,67.05906604042075,718.9982508202654
20240728,429,65,839,12,872,69.89936569602447,74.0753882092467,728.0252460947288
20240728,282,65,607,10,807,47.85963744536211,63.44255275889684,695.697809795741
20240728,232,65,598,8,837,24.744596271942203,123.74708572358675,688.508318004471
20240728,362,65,774,19,967,107.78561313442727,61.968964025929324,797.2454228396434
20240728,306,65,995,15,245,12.294899516935946,27.854224526547835,204.85087595651623
20240728,163,65,870,17,933,70.54058268919023,107.74021027030449,754.7192070405054
20240728,141,65,741,18,487,27.41324817601224,67.8420916678382,391.74466015614956
20240728,742,65,484,14,316,28.86057913505107,36.46907530415043,250.6703455607985
20240728,65,65,227,14,990,86.2164187605632,113.7906929972321,789.9928882422047
20240728,807,65,539,11,726,58.382819410584084,50.53871908821386,617.078461501202
20240728,73,65,995,14,496,35.463660487142356,49.222805473849,411.31353403900863
20240728,563,65,249,10,731,71.5801347298778,41.71504809962447,617.7048171704978
20240728,489,65,299,13,325,48.18140570852483,35.27986405249771,241.53873023897745
20240728,854,65,176,18,168,16.751212303252807,13.226205931764985,138.0225817649822
20240728,687,65,724,6,671,89.0141384595937,40.70937630606497,541.2764852343414
20240728,889,65,423,1,655,29.606028952137933,73.13123986252187,552.2627311853402
20240728,873,65,565,8,276,34.10859854661787,19.428437890434363,222.46296356294778
20240728,649,65,825,15,469,55.91885454299504,53.24999050364379,359.8311549533612
20240728,687,65,326,20,341,42.88627281383042,48.73751301295466,249.37621417321492
20240728,567,65,627,8,751,100.5631571791837,64.24067390470736,586.196168916109
20240728,413,65,261,9,349,30.49716824778316,18.88844833008789,299.614383422129
20240728,443,65,175,10,443,62.051262482729854,55.624717746490845,325.3240197707793
20240728,713,65,71,20,370,48.35441492194399,43.2436256122419,278.4019594658141
20240728,570,65,963,2,622,37.06555768478,83.81160944717236,501.1228328680476
20240728,631,65,470,15,397,30.777742044924562,59.47243875962844,306.749819195447
20240728,438,65,550,6,669,60.541124010502735,50.06416393052051,558.3947120589768
20240728,289,65,441,3,638,50.82939597546192,46.960265485337096,540.210338539201
20240728,877,65,366,3,538,14.459879613148404,38.99460582752679,484.54551455932483
20240728,793,65,537,6,554,52.89702113947188,29.07530382075235,472.0276750397758
20240728,178,65,239,15,410,56.73125469538982,34.134504728749796,319.1342405758604
20240728,210,65,611,8,976,121.66416045390075,97.5011033440841,756.8347362020152
20240728,833,65,563,4,457,67.38888185302031,65.74806527837056,323.86305286860915
20240728,166,65,372,5,543,16.378262618622184,52.95378680707071,473.6679505743071
20240728,988,65,137,1,751,102.76788164510116,80.33828784333939,567.8938305115595
20240728,494,65,978,4,970,93.37288672968265,121.28985548613174,755.3372577841856
20240728,445,65,190,18,404,11.581088512891188,54.242691326651595,338.1762201604572
20240728,530,65,72,18,157,9.950252303982829,15.12453963592077,131.9252080600964
20240728,674,65,710,18,101,9.086184164215348,10.622489792966507,81.29132604281814
20240728,423,65,987,8,190,14.228435135776634,17.572207094942737,158.19935776928062
20240728,66,65,340,19,192,4.523792496416869,27.655068202219297,159.82113930136384
20240728,797,65,201,16,662,91.22822517067135,94.69427123757366,476.077503591755
20240728,44,65,271,13,334,18.29485376833399,34.809659415074385,280.89548681659164
20240728,320,65,236,19,133,5.115094070544758,7.42133918226646,120.46356674718878
20240728,200,65,344,9,342,15.15990205967968,41.850170623913066,284.98992731640726
20240728,408,65,244,18,406,46.0620124551402,32.878018339552,327.05996920530777
20240728,606,65,255,18,883,90.41417068709342,122.76311931595681,669.8227099969497
20240728,903,65,739,17,494,65.505217579384,34.67902219699142,393.8157602236246
20240728,758,65,967,5,101,5.037651544755762,14.240297726067203,81.72205072917703
20240728,333,65,772,2,911,26.014276324707946,100.40596597390528,784.5797577013868
20240728,390,65,156,14,885,37.1684004182421,93.53200502634247,754.2995945554154
20240728,627,65,519,7,810,88.2707900280282,91.02659047029604,630.7026195016758
20240728,311,65,74,13,284,35.442519074403116,35.198240610477654,213.35924031511922
20240728,47,65,691,14,944,111.19882136835417,83.34932105007348,749.4518575815723
20240728,99,65,177,17,332,20.366429901877925,40.246537974549625,271.38703212357245
20240728,223,65,439,18,396,31.84996843387599,27.10714484058441,337.0428867255396
20240728,897,65,67,1,262,8.051143242838352,33.696148870439764,220.25270788672188
20240728,298,65,360,16,522,62.74010104942963,55.12612116876024,404.1337777818101
20240728,789,65,374,19,759,101.68333309077062,71.93783690658606,585.3788300026433
20240728,747,65,95,3,694,96.9048704775282,43.097680582107145,553.9974489403646
20240728,636,65,166,18,497,29.72825170600527,74.24863956259004,393.0231087314047
20240728,825,65,959,17,975,120.73500910563388,108.37548430264299,745.8895065917231
20240728,167,65,160,16,178,11.016187175761186,13.423989955559467,153.55982286867936
20240728,461,65,164,17,224,13.906740475316788,15.16614387871097,194.92711564597224
20240728,828,65,328,16,367,53.669469345335195,26.403482842994034,286.9270478116708
20240728,966,65,189,13,444,52.05992723941075,48.06708717401012,343.87298558657915
20240728,32,65,888,2,909,134.71625188259173,82.10686479473944,692.1768833226688
20240728,211,65,115,19,409,46.985699010725945,59.80292962035409,302.21137136891997
20240728,793,65,343,13,782,24.591505917249894,110.81753825870462,646.5909558240455
20240728,773,65,457,6,831,68.06486324201721,41.820220947832986,721.1149158101498
20240728,860,65,755,4,804,69.40726573387255,41.1061581821187,693.4865760840088
20240728,268,65,203,8,795,30.23310580203249,75.30170486331886,689.4651893346486
20240728,503,65,475,6,619,40.467640728101884,84.78825250675403,493.74410676514407
20240728,186,65,329,18,255,6.872229644909608,17.886685442123234,230.24108491296715
20240728,432,65,539,13,660,42.320874561489816,37.23022818644798,580.4488972520622
20240728,687,65,996,19,120,9.08265895801452,14.268225214749801,96.64911582723568
20240728,497,65,734,20,514,69.0158775633273,46.77100776758128,398.2131146690914
20240728,134,65,751,20,904,45.14570673992127,91.19831474830497,767.6559785117738
20240728,8,65,22,12,786,71.89233351760095,104.88670687913792,609.2209596032611
20240728,493,65,431,20,173,8.972439820455813,24.793560481512543,139.23399969803165
20240728,504,65,62,11,634,21.590701424398834,64.93374879726035,547.4755497783408
20240728,779,65,673,18,325,46.59118858095019,28.892014557876166,249.51679686117365
20240728,956,65,268,16,162,18.887804483666844,20.3044525793976,122.80774293693555
20240728,12,65,831,14,795,95.16724588150971,117.75147308278171,582.0812810357086
20240728,212,65,539,12,358,16.556503359913386,33.48173523859913,307.9617614014875
20240728,338,65,17,15,727,85.26781206208081,95.62768493349873,546.1045030044204
20240728,184,65,137,1,599,74.76914921373705,88.88757693347496,435.343273852788
20240728,409,65,181,19,781,110.86102094556702,101.41031771326911,568.7286613411638
20240728,196,65,816,15,451,41.94500517691493,33.67078390289808,375.384210920187
20240728,193,65,523,5,244,15.238817468996706,19.31851140257544,209.44267112842786
20240728,847,65,231,12,662,85.56651389021135,55.736903337102156,520.6965827726865
20240728,80,65,307,15,902,37.26026748502879,57.299857987379106,807.4398745275921
20240728,531,65,425,20,191,16.742511626424204,25.172537518222622,149.08495085535316
20240728,463,65,113,20,858,110.04841167071434,59.16294938367753,688.7886389456081
20240728,723,65,736,9,472,11.545439716218056,45.08389209541808,415.3706681883639
20240728,636,65,833,18,542,63.268329198585086,48.30398262382049,430.4276881775944
20240728,817,65,422,19,608,90.17350377219623,37.754041449459564,480.0724547783442
20240728,150,65,449,5,610,30.883309023850444,51.31718658915902,527.7995043869905
20240728,832,65,493,1,399,24.612811690201333,36.30722681344435,338.0799614963543
20240728,231,65,486,20,762,82.64619287661802,43.93914206871825,635.4146650546637
20240728,255,65,775,6,935,89.0909463417511,61.174931506117,784.7341221521319
20240728,942,65,415,20,583,65.4183163100804,68.98398046976587,448.59770322015373
20240728,824,65,188,8,655,83.2286159126766,91.28547864673769,480.4859054405857
20240728,145,65,489,11,378,14.212176588737309,37.719743463352515,326.0680799479102
20240728,497,65,230,19,999,134.005331327554,96.64367007793416,768.3509985945118
20240728,300,65,799,12,616,79.35666955942925,42.37246457797331,494.2708658625975
20240728,560,65,432,3,298,13.789842486772397,36.438707943492105,247.7714495697355
20240728,528,65,353,5,910,45.02549321048605,81.21030504056719,783.7642017489468
20240728,910,65,660,19,447,19.085048899321507,23.457534852315128,404.45741624836336
20240728,460,65,235,8,197,11.608867703897523,22.426069408088868,162.96506288801362
20240728,692,65,130,20,629,17.250328028007022,67.47674264477513,544.2729293272179
20240728,503,65,220,11,365,35.96476186060718,54.54704008802073,274.4881980513721
20240728,721,65,317,20,733,101.75274932676844,55.32680987979288,575.9204407934387
20240728,261,65,897,20,496,59.2205495138182,49.34119717376462,387.43825331241715
20240728,951,65,369,6,172,21.715863859170188,9.402047928487997,140.8820882123418
20240728,527,65,860,16,627,39.825636066809835,75.93329417114191,511.24106976204826
20240728,754,65,307,6,629,87.13655446116613,85.62535826362983,456.23808727520407
20240728,685,65,896,11,693,80.67677124862324,80.47313801160547,531.8500907397713
20240728,746,65,401,12,781,84.21529078839953,103.098368032048,593.6863411795525
20240728,162,65,955,5,734,21.484493703490063,76.7387792977587,635.7767269987512
20240728,487,65,5,18,440,16.61923669438009,48.415139592303575,374.96562371331635
20240728,134,65,427,7,354,28.820611586768827,30.88723717236909,294.2921512408621
20240728,619,65,30,6,877,82.08585512680148,67.11355142243045,727.800593450768
20240728,77,65,427,16,244,22.038538571117396,13.495210255767706,208.4662511731149
20240728,109,65,279,2,216,5.219559173564978,31.866147979845476,178.91429284658955
20240728,334,65,486,5,768,83.6150651554063,44.90306280453686,639.4818720400568
20240728,632,65,24,8,102,3.7723898541569567,7.280540069189922,90.94707007665312
20240728,292,65,499,12,372,38.66260659900535,30.361912018240712,302.97548138275397
20240728,897,65,596,2,119,14.50905695070855,11.356890566619015,93.13405248267244
20240728,2,65,392,11,452,19.0587821284944,31.754109267561308,401.1871086039443
20240728,102,65,130,3,865,61.27084865081214,77.9451621285012,725.7839892206866
20240728,596,65,395,12,462,62.61619277702858,38.51524489316399,360.86856232980745
20240728,531,65,762,11,526,46.505651800919814,70.3039626878624,409.19038551121776
20240728,122,65,968,9,914,84.41459920837555,51.12070488261081,778.4646959090137
20240728,231,65,718,9,171,22.084330607820583,10.176615050788866,138.73905434139056
20240728,179,65,923,6,722,61.13056490566504,40.2676228161243,620.6018122782107
20240728,734,65,723,7,191,18.85701750975759,22.230886638054937,149.91209585218746
20240728,898,65,384,13,829,121.51901485474875,53.81869840627508,653.6622867389761
20240728,788,65,48,11,471,10.654199824998143,66.40253277683051,393.9432673981713
20240728,185,65,254,11,963,116.34191914745266,70.32594687477346,776.3321339777739
20240728,132,65,876,7,835,72.97823216690306,70.31727284692732,691.7044949861696
20240728,444,65,128,6,956,52.83188546301902,127.78566605434945,775.3824484826315
20240728,428,65,614,9,414,41.47867196360635,53.34978351475269,319.17154452164095
20240728,41,65,128,12,721,79.52108277891081,104.05441185951035,537.4245053615789
20240728,924,65,943,2,983,27.592159661847816,129.03571843501078,826.3721219031414
20240728,380,65,748,19,801,109.33121800930894,63.66207125664881,628.0067107340423
20240728,564,65,280,12,778,51.7623943943255,48.716052769022696,677.5215528366518
20240728,768,65,788,3,391,31.143795652918183,27.26480943072864,332.5913949163532
20240728,64,65,994,14,915,18.845995240590067,118.64236622931848,777.5116385300914
20240728,664,65,414,10,804,81.3063838896024,111.4935305759841,611.2000855344136
20240728,212,65,339,15,570,14.365626875005589,62.787707506188184,492.84666561880624
20240728,740,65,255,10,739,34.60020923370088,37.59933821864103,666.8004525476581
20240728,579,65,432,11,949,93.47209027652413,54.070509580854605,801.4574001426213
20240728,194,65,405,5,909,60.96632338646125,127.79910468378469,720.2345719297541
20240728,332,65,729,15,818,97.7566192264555,73.44466884691887,646.7987119266256
20240728,617,65,320,17,979,55.78914024275831,114.15691477698108,809.0539449802607
20240728,764,65,426,15,949,132.41973799615687,137.2884512999629,679.2918107038802
20240728,124,65,933,4,629,47.69533271931722,31.55070142664312,549.7539658540396
20240728,138,65,124,11,232,30.872214363881604,28.261423304129384,172.86636233198902
20240728,373,65,204,13,372,43.79278325332247,41.519610895567105,286.68760585111045
20240728,224,65,240,14,217,13.230027823647108,22.39042075775678,181.37955141859612
20240728,642,65,299,11,659,72.35277748779414,73.67572612283465,512.9714963893712
20240728,35,65,95,14,702,82.44005574934693,84.79473945640613,534.765204794247
20240728,57,65,856,5,787,61.60414370521577,107.22614512135551,618.1697111734287
20240728,201,65,343,7,707,86.73605980353138,44.45390168467087,575.8100385117978
20240728,115,65,316,17,113,7.605024531178531,13.7537643688649,91.64121109995656
20240728,968,65,983,3,376,40.75861647386926,31.280915313247867,303.96046821288286
20240728,853,65,733,18,548,13.837696597119574,58.236453783644215,475.9258496192362
20240728,942,65,99,1,874,110.06318551845474,97.21590017215402,666.7209143093912
20240728,362,65,625,20,593,77.42520520477098,76.56336304149565,439.0114317537334
20240728,305,65,234,4,227,16.860902263132854,17.865297658618854,192.27380007824829
20240728,177,65,941,1,715,39.71153580577454,55.19852649790077,620.0899376963247
20240728,508,65,343,20,534,29.462814401254757,52.192801603148155,452.34438399559707
20240728,542,65,203,18,873,110.44096932096495,74.48367382369024,688.0753568553448
20240728,861,65,796,6,152,13.1971041448556,18.58831608341527,120.21457977172913
20240728,608,65,83,15,952,40.29953082819716,118.15379814792755,793.5466710238753
20240728,447,65,990,14,802,107.86825844009144,87.63202428686279,606.4997172730458
20240728,606,65,687,17,307,26.286953212263754,43.55819906633417,237.15484772140206
20240728,397,65,431,8,488,61.299849721762975,58.49265644166579,368.20749383657125
20240728,876,65,725,6,805,96.59685827433754,83.9430783302872,624.4600633953753
20240728,30,65,789,15,577,56.4212173675582,84.45444749562671,436.1243351368151
20240728,105,65,899,19,278,16.80103453194712,25.88245209392493,235.31651337412796
20240728,318,65,17,6,488,45.625452621909346,59.416993023100474,382.9575543549902
20240728,496,65,645,16,778,33.6968895599974,65.82044293931986,678.4826675006827
20240728,528,65,950,11,277,27.285264234489848,25.795477877102257,223.9192578884079
20240728,943,65,182,17,457,15.12277051301189,54.02980538128447,387.8474241057036
20240728,252,65,272,4,300,28.6753110469939,20.124345691993184,251.2003432610129
20240728,569,65,407,9,696,17.357395610320275,81.77414765804389,596.8684567316359
